{
    "fork_sim_code": "clipped_the_ville_n25",
    "start_date": "February 13, 2023",
    "curr_time": "February 13, 2023, 00:00:00",
    "sec_per_step": 60,
    "maze_name": "the_ville",
    "persona_names": [
        "Maria Lopez",
        "Jennifer Moore",
        "Eddy Lin",
        "Klaus Mueller",
        "Mei Lin",
        "Francisco Lopez",
        "Jane Moreno",
        "Wolfgang Schulz",
        "Tamara Taylor",
        "John Lin",
        "Arthur Burton"
    ],
    "step": 0
}