{
    "Eddy Lin": {
        "maze": "the_ville",
        "x": 93,
        "y": 74
    },
    "Adam Smith": {
        "maze": "the_ville",
        "x": 20,
        "y": 65
    },
    "Giorgio Rossi": {
        "maze": "the_ville",
        "x": 86,
        "y": 18
    },
    "Mei Lin": {
        "maze": "the_ville",
        "x": 90,
        "y": 74
    },
    "Arthur Burton": {
        "maze": "the_ville",
        "x": 53,
        "y": 14
    },
    "Jane Moreno": {
        "maze": "the_ville",
        "x": 72,
        "y": 74
    },
    "Isabella Rodriguez": {
        "maze": "the_ville",
        "x": 72,
        "y": 14
    },
    "Latoya Williams": {
        "maze": "the_ville",
        "x": 16,
        "y": 18
    },
    "Tamara Taylor": {
        "maze": "the_ville",
        "x": 54,
        "y": 74
    },
    "Hailey Johnson": {
        "maze": "the_ville",
        "x": 26,
        "y": 32
    },
    "Klaus Mueller": {
        "maze": "the_ville",
        "x": 126,
        "y": 46
    },
    "Yuriko Yamamoto": {
        "maze": "the_ville",
        "x": 28,
        "y": 65
    }
}