{
    "vision_r": 8,
    "att_bandwidth": 8,
    "retention": 8,
    "curr_time": null,
    "curr_tile": null,
    "daily_plan_req": "Maria Lopez spends at least 6 hours a day Twitch streaming or gaming.",
    "name": "Maria Lopez",
    "first_name": "Maria",
    "last_name": "Lopez",
    "age": 21,
    "innate": "energetic, enthusiastic, inquisitive",
    "learned": "Maria Lopez is a student at Oak Hill College studying physics and a part time Twitch game streamer who loves to connect with people and explore new ideas.",
    "currently": "Maria Lopez is working on her physics degree and streaming games on Twitch to make some extra money. She visits Hobbs Cafe for studying and eating just about everyday. Maria Lopez wants to find some partners to play League of Agents (an online game) with at 2023-02-14 20:30.The target is to play League of Agents (an online game) with another 8 people at 2023-02-14 20:30 together, the more people the better.",
    "lifestyle": "Maria Lopez goes to bed around midnight, awakes up around 10am, eats dinner around in the late afernoon.",
    "living_area": "the Ville:Dorm for Oak Hill College:Maria Lopez's room",
    "concept_forget": 100,
    "daily_reflection_time": 180,
    "daily_reflection_size": 5,
    "overlap_reflect_th": 4,
    "kw_strg_event_reflect_th": 10,
    "kw_strg_thought_reflect_th": 9,
    "recency_w": 1,
    "relevance_w": 1,
    "importance_w": 1,
    "recency_decay": 0.995,
    "importance_trigger_max": 250,
    "importance_trigger_curr": 250,
    "importance_ele_n": 0,
    "thought_count": 5,
    "daily_req": [],
    "f_daily_schedule": [],
    "f_daily_schedule_hourly_org": [],
    "act_address": null,
    "act_start_time": null,
    "act_duration": null,
    "act_description": null,
    "act_pronunciatio": null,
    "act_event": [
        "Maria Lopez",
        null,
        null
    ],
    "act_obj_description": null,
    "act_obj_pronunciatio": null,
    "act_obj_event": [
        null,
        null,
        null
    ],
    "chatting_with": null,
    "chat": null,
    "chatting_with_buffer": {},
    "chatting_end_time": null,
    "act_path_set": false,
    "planned_path": []
}