{
    "Ayesha Khan": {
        "maze": "the_ville",
        "x": 118,
        "y": 61
    },
    "John Lin": {
        "maze": "the_ville",
        "x": 91,
        "y": 74
    },
    "Adam Smith": {
        "maze": "the_ville",
        "x": 20,
        "y": 65
    },
    "Jennifer Moore": {
        "maze": "the_ville",
        "x": 37,
        "y": 65
    },
    "Latoya Williams": {
        "maze": "the_ville",
        "x": 16,
        "y": 18
    },
    "Giorgio Rossi": {
        "maze": "the_ville",
        "x": 86,
        "y": 18
    },
    "Maria Lopez": {
        "maze": "the_ville",
        "x": 123,
        "y": 57
    },
    "Eddy Lin": {
        "maze": "the_ville",
        "x": 93,
        "y": 74
    },
    "Yuriko Yamamoto": {
        "maze": "the_ville",
        "x": 28,
        "y": 65
    },
    "Isabella Rodriguez": {
        "maze": "the_ville",
        "x": 72,
        "y": 14
    },
    "Abigail Chen": {
        "maze": "the_ville",
        "x": 36,
        "y": 18
    },
    "Wolfgang Schulz": {
        "maze": "the_ville",
        "x": 107,
        "y": 62
    },
    "Sam Moore": {
        "maze": "the_ville",
        "x": 36,
        "y": 65
    }
}