{
    "Rajiv Patel": {
        "maze": "the_ville",
        "x": 26,
        "y": 18
    },
    "Carmen Ortiz": {
        "maze": "the_ville",
        "x": 57,
        "y": 74
    },
    "Carlos Gomez": {
        "maze": "the_ville",
        "x": 94,
        "y": 18
    },
    "Mei Lin": {
        "maze": "the_ville",
        "x": 90,
        "y": 74
    },
    "Arthur Burton": {
        "maze": "the_ville",
        "x": 53,
        "y": 14
    },
    "Isabella Rodriguez": {
        "maze": "the_ville",
        "x": 72,
        "y": 14
    },
    "Yuriko Yamamoto": {
        "maze": "the_ville",
        "x": 28,
        "y": 65
    },
    "Abigail Chen": {
        "maze": "the_ville",
        "x": 36,
        "y": 18
    },
    "Adam Smith": {
        "maze": "the_ville",
        "x": 20,
        "y": 65
    },
    "Tamara Taylor": {
        "maze": "the_ville",
        "x": 54,
        "y": 74
    },
    "Jennifer Moore": {
        "maze": "the_ville",
        "x": 37,
        "y": 65
    },
    "Klaus Mueller": {
        "maze": "the_ville",
        "x": 126,
        "y": 46
    },
    "Latoya Williams": {
        "maze": "the_ville",
        "x": 16,
        "y": 18
    }
}