{
    "Wolfgang Schulz": {
        "maze": "the_ville",
        "x": 107,
        "y": 62
    },
    "Tom Moreno": {
        "maze": "the_ville",
        "x": 73,
        "y": 74
    },
    "John Lin": {
        "maze": "the_ville",
        "x": 91,
        "y": 74
    },
    "Carmen Ortiz": {
        "maze": "the_ville",
        "x": 57,
        "y": 74
    },
    "Rajiv Patel": {
        "maze": "the_ville",
        "x": 26,
        "y": 18
    },
    "Eddy Lin": {
        "maze": "the_ville",
        "x": 93,
        "y": 74
    },
    "Hailey Johnson": {
        "maze": "the_ville",
        "x": 26,
        "y": 32
    },
    "Adam Smith": {
        "maze": "the_ville",
        "x": 20,
        "y": 65
    },
    "Jane Moreno": {
        "maze": "the_ville",
        "x": 72,
        "y": 74
    },
    "Carlos Gomez": {
        "maze": "the_ville",
        "x": 94,
        "y": 18
    },
    "Francisco Lopez": {
        "maze": "the_ville",
        "x": 16,
        "y": 32
    },
    "Jennifer Moore": {
        "maze": "the_ville",
        "x": 37,
        "y": 65
    },
    "Giorgio Rossi": {
        "maze": "the_ville",
        "x": 86,
        "y": 18
    }
}