{
    "fork_sim_code": "clipped_the_ville_n25",
    "start_date": "February 13, 2023",
    "curr_time": "February 13, 2023, 00:00:00",
    "sec_per_step": 60,
    "maze_name": "the_ville",
    "persona_names": [
        "Isabella Rodriguez",
        "Tamara Taylor",
        "Maria Lopez",
        "Carmen Ortiz",
        "Hailey Johnson",
        "Ryan Park",
        "Jennifer Moore",
        "Sam Moore",
        "Eddy Lin",
        "Tom Moreno",
        "Giorgio Rossi",
        "Yuriko Yamamoto"
    ],
    "step": 0
}