{
  "vision_r": 8, 
  "att_bandwidth": 8, 
  "retention": 8, 
  "curr_time": null, 
  "curr_tile": null, 
  "daily_plan_req": "", 
  "name": "Hailey Johnson", 
  "first_name": "Hailey", 
  "last_name": "Johnson", 
  "age": 30, 
  "innate": "imaginative, energetic, resourceful", 
  "learned": "Hailey Johnson is a writer who is always looking for new ways to tell stories. She loves to immerse herself in different cultures and explore their literature.", 
  "currently": "Hailey Johnson is writing a novel about a group of artists living in a co-living space. She is also planning to start a podcast. She likes talking with others and collective activities", 
  "lifestyle": "Hailey Johnson goes to bed around 2am, awakes up around 10am, eats dinner around in the afernoon.", 
  "living_area": "the Ville:artist's co-living space:Hailey Johnson's room",
  "concept_forget": 100,
  "daily_reflection_time": 180,
  "daily_reflection_size": 5,
  "overlap_reflect_th": 4,
  "kw_strg_event_reflect_th": 10, 
  "kw_strg_thought_reflect_th": 9, 

  "recency_w": 1,
  "relevance_w": 1,
  "importance_w": 1,
  "recency_decay": 0.995,
  "importance_trigger_max": 250,
  "importance_trigger_curr": 250,
  "importance_ele_n": 0, 
  "thought_count": 5, 

  "daily_req": [], 
  "f_daily_schedule": [],
  "f_daily_schedule_hourly_org": [],
  "act_address": null, 
  "act_start_time": null, 
  "act_duration": null, 
  "act_description": null, 
  "act_pronunciatio": null, 
  "act_event": ["Hailey Johnson", null, null], 
  "act_obj_description": null, 
  "act_obj_pronunciatio": null, 
  "act_obj_event": [null, null, null], 
  "chatting_with": null, 
  "chat": null,
  "chatting_with_buffer": {}, 
  "chatting_end_time": null,
  "act_path_set": false, 
  "planned_path": []
}