{
    "the Ville": {
        "Johnson Park": {
            "park": [
                "park garden"
            ]
        },
        "Yuriko Yamamoto's house": {
            "main room": [
                "closet",
                "bed",
                "shelf",
                "desk",
                "cooking area",
                "kitchen sink",
                "refrigerator"
            ],
            "bathroom": [
                "bathroom sink",
                "shower",
                "toilet"
            ]
        },
        "Harvey Oak Supply Store": {
            "supply store": [
                "supply store product shelf",
                "behind the supply store counter",
                "supply store counter"
            ]
        },
        "The Willows Market and Pharmacy": {
            "store": [
                "behind the pharmacy counter",
                "pharmacy store shelf",
                "pharmacy store counter",
                "grocery store shelf",
                "behind the grocery counter",
                "grocery store counter"
            ]
        },
        "Hobbs Cafe": {
            "cafe": [
                "refrigerator",
                "cafe customer seating",
                "cooking area",
                "kitchen sink",
                "behind the cafe counter",
                "piano"
            ]
        },
        "The Rose and Crown Pub": {
            "pub": [
                "shelf",
                "refrigerator",
                "bar customer seating",
                "behind the bar counter",
                "kitchen sink",
                "cooking area",
                "microphone"
            ]
        }
    }
}