{
  "the Ville": {
    "artist's co-living space": {
      "Rajiv Patel's room": [
        "bed",
        "easel",
        "closet",
        "guitar"
      ],
      "Rajiv Patel's bathroom": [
        "shower",
        "bathroom sink",
        "toilet"
      ],
      "kitchen": [
        "refrigerator",
        "toaster",
        "kitchen sink",
        "cooking area"
      ],
      "common room": [
        "common room table",
        "common room sofa"
      ]
    },
    "The Rose and Crown Pub": {
      "pub": [
        "shelf",
        "refrigerator",
        "bar customer seating",
        "behind the bar counter",
        "kitchen sink",
        "cooking area",
        "microphone"
      ]
    },
    "Hobbs Cafe": {
      "cafe": [
        "refrigerator",
        "cafe customer seating",
        "cooking area",
        "kitchen sink",
        "behind the cafe counter",
        "piano"
      ]
    },
    "Oak Hill College": {
      "hallway": []
    },
    "Dorm for Oak Hill College": {
      "common room": [
        "common room sofa",
        "pool table",
        "common room table"
      ]
    },
    "The Willows Market and Pharmacy": {
      "store": [
        "grocery store shelf",
        "behind the grocery counter",
        "grocery store counter",
        "pharmacy store shelf",
        "pharmacy store counter",
        "behind the pharmacy counter"
      ]
    },
    "Harvey Oak Supply Store": {
      "supply store": [
        "supply store product shelf",
        "behind the supply store counter",
        "supply store counter"
      ]
    },
    "Johnson Park": {
      "park": [
        "park garden"
      ]
    }
  }
}