{
  "the Ville": {
    "Tamara Taylor and Carmen Ortiz's house": {
      "Tamara Taylor's room": [
        "closet",
        "desk",
        "bed"
      ],
      "common room": [
        "shelf",
        "common room table"
      ],
      "bathroom": [
        "toilet",
        "shower",
        "bathroom sink"
      ],
      "Carmen Ortiz's room": [
        "bed",
        "closet",
        "guitar"
      ],
      "garden": [
        "house garden"
      ]
    },
    "Harvey Oak Supply Store": {
      "supply store": [
        "supply store product shelf",
        "behind the supply store counter",
        "supply store counter"
      ]
    },
    "The Willows Market and Pharmacy": {
      "store": [
        "behind the pharmacy counter",
        "pharmacy store shelf",
        "pharmacy store counter",
        "grocery store shelf",
        "behind the grocery counter",
        "grocery store counter"
      ]
    },
    "Hobbs Cafe": {
      "cafe": [
        "refrigerator",
        "cafe customer seating",
        "cooking area",
        "kitchen sink",
        "behind the cafe counter",
        "piano"
      ]
    },
    "The Rose and Crown Pub": {
      "pub": [
        "shelf",
        "refrigerator",
        "bar customer seating",
        "behind the bar counter",
        "kitchen sink",
        "cooking area",
        "microphone"
      ]
    },
    "Johnson Park": {
      "park": [
        "park garden"
      ]
    }
  }
}