{
  "vision_r": 8, 
  "att_bandwidth": 8, 
  "retention": 8, 
  "curr_time": null, 
  "curr_tile": null, 
  "daily_plan_req": "", 
  "name": "Abigail Chen", 
  "first_name": "Abigail", 
  "last_name": "Chen", 
  "age": 25, 
  "innate": "open-minded, curious, determined", 
  "learned": "Abigail Chen is a digital artist and animator who loves to explore how technology can be used to express ideas. She is always looking for new ways to combine art and technology.", 
  "currently": "Abigail Chen is working on an animation project for a client. She is also experimenting with different tools and techniques to create interactive art. She likes walking around and enjoys parties.", 
  "lifestyle": "Abigail Chen goes to bed around midnight, awakes up around 8am, eats dinner in the late afternoon.", 
  "living_area": "the Ville:artist's co-living space:Abigail Chen's room", 
  "concept_forget": 100,
  "daily_reflection_time": 180,
  "daily_reflection_size": 5,
  "overlap_reflect_th": 4,
  "kw_strg_event_reflect_th": 10, 
  "kw_strg_thought_reflect_th": 9, 

  "recency_w": 1,
  "relevance_w": 1,
  "importance_w": 1,
  "recency_decay": 0.995,
  "importance_trigger_max": 250,
  "importance_trigger_curr": 250,
  "importance_ele_n": 0, 
  "thought_count": 5, 

  "daily_req": [], 
  "f_daily_schedule": [],
  "f_daily_schedule_hourly_org": [],
  "act_address": null, 
  "act_start_time": null, 
  "act_duration": null, 
  "act_description": null, 
  "act_pronunciatio": null, 
  "act_event": ["Abigail Chen", null, null], 
  "act_obj_description": null, 
  "act_obj_pronunciatio": null, 
  "act_obj_event": [null, null, null], 
  "chatting_with": null, 
  "chat": null,
  "chatting_with_buffer": {}, 
  "chatting_end_time": null,
  "act_path_set": false, 
  "planned_path": []
}