{
    "fork_sim_code": "clipped_the_ville_n25",
    "start_date": "February 13, 2023",
    "curr_time": "February 13, 2023, 00:00:00",
    "sec_per_step": 60,
    "maze_name": "the_ville",
    "persona_names": [
        "Eddy Lin",
        "Adam Smith",
        "Klaus Mueller",
        "John Lin",
        "Jane Moreno",
        "Francisco Lopez",
        "Tom Moreno",
        "Hailey Johnson",
        "Isabella Rodriguez",
        "Wolfgang Schulz",
        "Carmen Ortiz"
    ],
    "step": 0
}