{
    "Isabella Rodriguez": {
        "maze": "the_ville",
        "x": 72,
        "y": 14
    },
    "Tamara Taylor": {
        "maze": "the_ville",
        "x": 54,
        "y": 74
    },
    "Maria Lopez": {
        "maze": "the_ville",
        "x": 123,
        "y": 57
    },
    "Carmen Ortiz": {
        "maze": "the_ville",
        "x": 57,
        "y": 74
    },
    "Hailey Johnson": {
        "maze": "the_ville",
        "x": 26,
        "y": 32
    },
    "Ryan Park": {
        "maze": "the_ville",
        "x": 65,
        "y": 19
    },
    "Jennifer Moore": {
        "maze": "the_ville",
        "x": 37,
        "y": 65
    },
    "Sam Moore": {
        "maze": "the_ville",
        "x": 36,
        "y": 65
    },
    "Eddy Lin": {
        "maze": "the_ville",
        "x": 93,
        "y": 74
    },
    "Tom Moreno": {
        "maze": "the_ville",
        "x": 73,
        "y": 74
    },
    "Giorgio Rossi": {
        "maze": "the_ville",
        "x": 86,
        "y": 18
    },
    "Yuriko Yamamoto": {
        "maze": "the_ville",
        "x": 28,
        "y": 65
    }
}