{
    "Arthur Burton": {
        "maze": "the_ville",
        "x": 53,
        "y": 14
    },
    "Hailey Johnson": {
        "maze": "the_ville",
        "x": 26,
        "y": 32
    },
    "Francisco Lopez": {
        "maze": "the_ville",
        "x": 16,
        "y": 32
    },
    "Isabella Rodriguez": {
        "maze": "the_ville",
        "x": 72,
        "y": 14
    },
    "Ryan Park": {
        "maze": "the_ville",
        "x": 65,
        "y": 19
    },
    "John Lin": {
        "maze": "the_ville",
        "x": 91,
        "y": 74
    },
    "Adam Smith": {
        "maze": "the_ville",
        "x": 20,
        "y": 65
    },
    "Jennifer Moore": {
        "maze": "the_ville",
        "x": 37,
        "y": 65
    },
    "Latoya Williams": {
        "maze": "the_ville",
        "x": 16,
        "y": 18
    },
    "Giorgio Rossi": {
        "maze": "the_ville",
        "x": 86,
        "y": 18
    },
    "Sam Moore": {
        "maze": "the_ville",
        "x": 36,
        "y": 65
    },
    "Maria Lopez": {
        "maze": "the_ville",
        "x": 123,
        "y": 57
    }
}