{
    "vision_r": 8,
    "att_bandwidth": 8,
    "retention": 8,
    "curr_time": null,
    "curr_tile": null,
    "daily_plan_req": "",
    "name": "Giorgio Rossi",
    "first_name": "Giorgio",
    "last_name": "Rossi",
    "age": 41,
    "innate": "analytical, logical, eccentric",
    "learned": "Giorgio Rossi is a mathematician who loves to solve challenging problems. He is always looking for ways to apply his analytical skills.",
    "currently": "Giorgio Rossi is working on a research project to explore mathematical patterns in nature. He is also taking classes to stay up to date on new mathematical theories. Giorgio Rossi wants to find partners for playing math puzzles and games with at Oak Hill College at some time on 2023-02-14. The target is to be with other people at Oak Hill College at the same time for playing math puzzles and games together.",
    "lifestyle": "Giorgio Rossi goes to bed around midnight, awakes up around 7am, eats dinner early in the afernoon.",
    "living_area": "the Ville:Giorgio Rossi's apartment:main room",
    "concept_forget": 100,
    "daily_reflection_time": 180,
    "daily_reflection_size": 5,
    "overlap_reflect_th": 4,
    "kw_strg_event_reflect_th": 10,
    "kw_strg_thought_reflect_th": 9,
    "recency_w": 1,
    "relevance_w": 1,
    "importance_w": 1,
    "recency_decay": 0.995,
    "importance_trigger_max": 250,
    "importance_trigger_curr": 250,
    "importance_ele_n": 0,
    "thought_count": 5,
    "daily_req": [],
    "f_daily_schedule": [],
    "f_daily_schedule_hourly_org": [],
    "act_address": null,
    "act_start_time": null,
    "act_duration": null,
    "act_description": null,
    "act_pronunciatio": null,
    "act_event": [
        "Giorgio Rossi",
        null,
        null
    ],
    "act_obj_description": null,
    "act_obj_pronunciatio": null,
    "act_obj_event": [
        null,
        null,
        null
    ],
    "chatting_with": null,
    "chat": null,
    "chatting_with_buffer": {},
    "chatting_end_time": null,
    "act_path_set": false,
    "planned_path": []
}