{
  "vision_r": 8, 
  "att_bandwidth": 8, 
  "retention": 8, 
  "curr_time": null, 
  "curr_tile": null, 
  "daily_plan_req": "", 
  "name": "Jane Moreno", 
  "first_name": "Jane", 
  "last_name": "Moreno", 
  "age": 46, 
  "innate": "friendly, helpful, organized", 
  "learned": "Jane Moreno is a housewife who loves to take care of her family. She is always looking for new ways to make life easier and more enjoyable for everyone.", 
  "currently": "Jane Moreno is living with her husband, Tom Moreno, who is a shop keeper at The Willow Market and Pharmacy. She likes walking around and enjoys parties.", 
  "lifestyle": "Jane Moreno goes to bed around 10pm, awakes up around 6am, eats dinner around in the afternoon.", 
  "living_area": "the Ville:Moreno family's house:Tom and Jane Moreno's bedroom",
  "concept_forget": 100,
  "daily_reflection_time": 180,
  "daily_reflection_size": 5,
  "overlap_reflect_th": 4,
  "kw_strg_event_reflect_th": 10, 
  "kw_strg_thought_reflect_th": 9, 

  "recency_w": 1,
  "relevance_w": 1,
  "importance_w": 1,
  "recency_decay": 0.995,
  "importance_trigger_max": 250,
  "importance_trigger_curr": 250,
  "importance_ele_n": 0, 
  "thought_count": 5, 

  "daily_req": [], 
  "f_daily_schedule": [],
  "f_daily_schedule_hourly_org": [],
  "act_address": null, 
  "act_start_time": null, 
  "act_duration": null, 
  "act_description": null, 
  "act_pronunciatio": null, 
  "act_event": ["Jane Moreno", null, null], 
  "act_obj_description": null, 
  "act_obj_pronunciatio": null, 
  "act_obj_event": [null, null, null], 
  "chatting_with": null, 
  "chat": null,
  "chatting_with_buffer": {}, 
  "chatting_end_time": null,
  "act_path_set": false, 
  "planned_path": []
}