{
    "the Ville": {
        "Lin family's house": {
            "Mei and John Lin's bedroom": [
                "closet",
                "desk",
                "bed"
            ],
            "common room": [
                "shelf",
                "common room table"
            ],
            "bathroom": [
                "toilet",
                "shower",
                "bathroom sink"
            ],
            "Eddy Lin's bedroom": [
                "bed",
                "desk",
                "closet"
            ],
            "garden": [
                "house garden"
            ]
        },
        "The Willows Market and Pharmacy": {
            "store": [
                "grocery store shelf",
                "behind the grocery counter",
                "grocery store counter",
                "behind the pharmacy counter",
                "pharmacy store shelf",
                "pharmacy store counter"
            ]
        },
        "Harvey Oak Supply Store": {
            "supply store": [
                "supply store product shelf",
                "behind the supply store counter",
                "supply store counter"
            ]
        },
        "Johnson Park": {
            "park": [
                "park garden"
            ]
        },
        "The Rose and Crown Pub": {
            "pub": [
                "shelf",
                "refrigerator",
                "bar customer seating",
                "behind the bar counter",
                "kitchen sink",
                "cooking area",
                "microphone"
            ]
        },
        "Hobbs Cafe": {
            "cafe": [
                "refrigerator",
                "cafe customer seating",
                "cooking area",
                "kitchen sink",
                "behind the cafe counter",
                "piano"
            ]
        },
        "Oak Hill College": {
            "hallway": []
        }
    },
    "Moore family's house": {
        "main room": [
            "closet",
            "bed",
            "desk",
            "cooking area",
            "kitchen sink",
            "refrigerator",
            "common room sofa"
        ]
    }
}