{
    "fork_sim_code": "clipped_the_ville_n25",
    "start_date": "February 13, 2023",
    "curr_time": "February 13, 2023, 00:00:00",
    "sec_per_step": 60,
    "maze_name": "the_ville",
    "persona_names": [
        "Arthur Burton",
        "Hailey Johnson",
        "Francisco Lopez",
        "Isabella Rodriguez",
        "Ryan Park",
        "John Lin",
        "Adam Smith",
        "Jennifer Moore",
        "Latoya Williams",
        "Giorgio Rossi",
        "Sam Moore",
        "Maria Lopez"
    ],
    "step": 0
}