{
    "Maria Lopez": {
        "maze": "the_ville",
        "x": 123,
        "y": 57
    },
    "Isabella Rodriguez": {
        "maze": "the_ville",
        "x": 72,
        "y": 14
    },
    "Carlos Gomez": {
        "maze": "the_ville",
        "x": 94,
        "y": 18
    },
    "Wolfgang Schulz": {
        "maze": "the_ville",
        "x": 107,
        "y": 62
    },
    "Adam Smith": {
        "maze": "the_ville",
        "x": 20,
        "y": 65
    },
    "Sam Moore": {
        "maze": "the_ville",
        "x": 36,
        "y": 65
    },
    "Carmen Ortiz": {
        "maze": "the_ville",
        "x": 57,
        "y": 74
    },
    "Tom Moreno": {
        "maze": "the_ville",
        "x": 73,
        "y": 74
    },
    "Arthur Burton": {
        "maze": "the_ville",
        "x": 53,
        "y": 14
    },
    "Yuriko Yamamoto": {
        "maze": "the_ville",
        "x": 28,
        "y": 65
    },
    "Mei Lin": {
        "maze": "the_ville",
        "x": 90,
        "y": 74
    },
    "Abigail Chen": {
        "maze": "the_ville",
        "x": 36,
        "y": 18
    }
}