{
    "Mei Lin": {
        "maze": "the_ville",
        "x": 90,
        "y": 74
    },
    "Tom Moreno": {
        "maze": "the_ville",
        "x": 73,
        "y": 74
    },
    "Adam Smith": {
        "maze": "the_ville",
        "x": 20,
        "y": 65
    },
    "Tamara Taylor": {
        "maze": "the_ville",
        "x": 54,
        "y": 74
    },
    "Arthur Burton": {
        "maze": "the_ville",
        "x": 53,
        "y": 14
    },
    "Carlos Gomez": {
        "maze": "the_ville",
        "x": 94,
        "y": 18
    },
    "Eddy Lin": {
        "maze": "the_ville",
        "x": 93,
        "y": 74
    },
    "Wolfgang Schulz": {
        "maze": "the_ville",
        "x": 107,
        "y": 62
    },
    "John Lin": {
        "maze": "the_ville",
        "x": 91,
        "y": 74
    },
    "Jennifer Moore": {
        "maze": "the_ville",
        "x": 37,
        "y": 65
    },
    "Jane Moreno": {
        "maze": "the_ville",
        "x": 72,
        "y": 74
    },
    "Carmen Ortiz": {
        "maze": "the_ville",
        "x": 57,
        "y": 74
    },
    "Ayesha Khan": {
        "maze": "the_ville",
        "x": 118,
        "y": 61
    }
}