{
    "vision_r": 8,
    "att_bandwidth": 8,
    "retention": 8,
    "curr_time": null,
    "curr_tile": null,
    "daily_plan_req": "Ayesha Khan goes to the library at Oak Hill College to take classes from 10am to 2pm, and then spends her days studying at the library.",
    "name": "Ayesha Khan",
    "first_name": "Ayesha",
    "last_name": "Khan",
    "age": 20,
    "innate": "curious, determined, independent",
    "learned": "Ayesha Khan is a college student who loves to explore literature. She is curious and determined to understand the nuances of each work.",
    "currently": "Ayesha Khan is researching for her senior thesis on the use of language in Shakespeare\u9225\u6a9a plays. She is also taking classes to learn more about writing. Ayesha Khan is busy with an exam, so Ayesha Khan want someone else to buy him/her a cup of coffee on 2023-02-14.The target is to have someone else (other than Ayesha Khan) to buy a cup of coffee at Hobbs coffee and then send it to Dorm for Oak Hill College on 2023-02-14.",
    "lifestyle": "Ayesha Khan goes to bed around 10pm, awakes up around 6am, eats dinner in the afernoon.",
    "living_area": "the Ville:Dorm for Oak Hill College:Ayesha Khan's room",
    "concept_forget": 100,
    "daily_reflection_time": 180,
    "daily_reflection_size": 5,
    "overlap_reflect_th": 4,
    "kw_strg_event_reflect_th": 10,
    "kw_strg_thought_reflect_th": 9,
    "recency_w": 1,
    "relevance_w": 1,
    "importance_w": 1,
    "recency_decay": 0.995,
    "importance_trigger_max": 250,
    "importance_trigger_curr": 250,
    "importance_ele_n": 0,
    "thought_count": 5,
    "daily_req": [],
    "f_daily_schedule": [],
    "f_daily_schedule_hourly_org": [],
    "act_address": null,
    "act_start_time": null,
    "act_duration": null,
    "act_description": null,
    "act_pronunciatio": null,
    "act_event": [
        "Ayesha Khan",
        null,
        null
    ],
    "act_obj_description": null,
    "act_obj_pronunciatio": null,
    "act_obj_event": [
        null,
        null,
        null
    ],
    "chatting_with": null,
    "chat": null,
    "chatting_with_buffer": {},
    "chatting_end_time": null,
    "act_path_set": false,
    "planned_path": []
}