{
    "fork_sim_code": "clipped_the_ville_n25",
    "start_date": "February 13, 2023",
    "curr_time": "February 13, 2023, 00:00:00",
    "sec_per_step": 60,
    "maze_name": "the_ville",
    "persona_names": [
        "Wolfgang Schulz",
        "Hailey Johnson",
        "John Lin",
        "Tamara Taylor",
        "Latoya Williams",
        "Carmen Ortiz",
        "Jennifer Moore",
        "Sam Moore",
        "Ryan Park",
        "Yuriko Yamamoto",
        "Mei Lin",
        "Maria Lopez"
    ],
    "step": 0
}