{
    "Ryan Park": {
        "maze": "the_ville",
        "x": 65,
        "y": 19
    },
    "Rajiv Patel": {
        "maze": "the_ville",
        "x": 26,
        "y": 18
    },
    "Carlos Gomez": {
        "maze": "the_ville",
        "x": 94,
        "y": 18
    },
    "Mei Lin": {
        "maze": "the_ville",
        "x": 90,
        "y": 74
    },
    "Arthur Burton": {
        "maze": "the_ville",
        "x": 53,
        "y": 14
    },
    "Giorgio Rossi": {
        "maze": "the_ville",
        "x": 86,
        "y": 18
    },
    "Sam Moore": {
        "maze": "the_ville",
        "x": 36,
        "y": 65
    },
    "John Lin": {
        "maze": "the_ville",
        "x": 91,
        "y": 74
    },
    "Jennifer Moore": {
        "maze": "the_ville",
        "x": 37,
        "y": 65
    },
    "Yuriko Yamamoto": {
        "maze": "the_ville",
        "x": 28,
        "y": 65
    },
    "Latoya Williams": {
        "maze": "the_ville",
        "x": 16,
        "y": 18
    },
    "Adam Smith": {
        "maze": "the_ville",
        "x": 20,
        "y": 65
    },
    "Jane Moreno": {
        "maze": "the_ville",
        "x": 72,
        "y": 74
    }
}