{
    "Wolfgang Schulz": {
        "maze": "the_ville",
        "x": 107,
        "y": 62
    },
    "Hailey Johnson": {
        "maze": "the_ville",
        "x": 26,
        "y": 32
    },
    "John Lin": {
        "maze": "the_ville",
        "x": 91,
        "y": 74
    },
    "Tamara Taylor": {
        "maze": "the_ville",
        "x": 54,
        "y": 74
    },
    "Latoya Williams": {
        "maze": "the_ville",
        "x": 16,
        "y": 18
    },
    "Carmen Ortiz": {
        "maze": "the_ville",
        "x": 57,
        "y": 74
    },
    "Jennifer Moore": {
        "maze": "the_ville",
        "x": 37,
        "y": 65
    },
    "Sam Moore": {
        "maze": "the_ville",
        "x": 36,
        "y": 65
    },
    "Ryan Park": {
        "maze": "the_ville",
        "x": 65,
        "y": 19
    },
    "Yuriko Yamamoto": {
        "maze": "the_ville",
        "x": 28,
        "y": 65
    },
    "Mei Lin": {
        "maze": "the_ville",
        "x": 90,
        "y": 74
    },
    "Maria Lopez": {
        "maze": "the_ville",
        "x": 123,
        "y": 57
    }
}