{
    "the Ville": {
        "Moreno family's house": {
            "common room": [
                "shelf",
                "common room table",
                "harp"
            ],
            "Tom and Jane Moreno's bedroom": [
                "closet",
                "desk",
                "bed"
            ],
            "empty bedroom": [
                "bed",
                "closet",
                "guitar"
            ],
            "garden": [
                "house garden",
                "garden chair"
            ]
        },
        "Harvey Oak Supply Store": {
            "supply store": [
                "supply store product shelf",
                "behind the supply store counter",
                "supply store counter"
            ]
        },
        "The Willows Market and Pharmacy": {
            "store": [
                "behind the pharmacy counter",
                "pharmacy store shelf",
                "pharmacy store counter",
                "grocery store shelf",
                "behind the grocery counter",
                "grocery store counter"
            ]
        },
        "Johnson Park": {
            "park": [
                "park garden"
            ]
        },
        "The Rose and Crown Pub": {
            "pub": [
                "shelf",
                "refrigerator",
                "bar customer seating",
                "behind the bar counter",
                "kitchen sink",
                "cooking area",
                "microphone"
            ]
        },
        "Hobbs Cafe": {
            "cafe": [
                "refrigerator",
                "cafe customer seating",
                "cooking area",
                "kitchen sink",
                "behind the cafe counter",
                "piano"
            ]
        }
    },
    "Moore family's house": {
        "main room": [
            "closet",
            "bed",
            "desk",
            "cooking area",
            "kitchen sink",
            "refrigerator",
            "common room sofa"
        ]
    }
}