{
    "Abigail Chen": {
        "maze": "the_ville",
        "x": 36,
        "y": 18
    },
    "John Lin": {
        "maze": "the_ville",
        "x": 91,
        "y": 74
    },
    "Isabella Rodriguez": {
        "maze": "the_ville",
        "x": 72,
        "y": 14
    },
    "Adam Smith": {
        "maze": "the_ville",
        "x": 20,
        "y": 65
    },
    "Ayesha Khan": {
        "maze": "the_ville",
        "x": 118,
        "y": 61
    },
    "Maria Lopez": {
        "maze": "the_ville",
        "x": 123,
        "y": 57
    },
    "Yuriko Yamamoto": {
        "maze": "the_ville",
        "x": 28,
        "y": 65
    },
    "Wolfgang Schulz": {
        "maze": "the_ville",
        "x": 107,
        "y": 62
    },
    "Klaus Mueller": {
        "maze": "the_ville",
        "x": 126,
        "y": 46
    },
    "Sam Moore": {
        "maze": "the_ville",
        "x": 36,
        "y": 65
    },
    "Tamara Taylor": {
        "maze": "the_ville",
        "x": 54,
        "y": 74
    }
}