{
    "fork_sim_code": "clipped_the_ville_n25",
    "start_date": "February 13, 2023",
    "curr_time": "February 13, 2023, 00:00:00",
    "sec_per_step": 60,
    "maze_name": "the_ville",
    "persona_names": [
        "Eddy Lin",
        "Klaus Mueller",
        "Francisco Lopez",
        "Ayesha Khan",
        "John Lin",
        "Wolfgang Schulz",
        "Latoya Williams",
        "Mei Lin",
        "Giorgio Rossi",
        "Jennifer Moore",
        "Ryan Park",
        "Yuriko Yamamoto",
        "Tom Moreno"
    ],
    "step": 0
}