{
    "Giorgio Rossi": {
        "maze": "the_ville",
        "x": 86,
        "y": 18
    },
    "Wolfgang Schulz": {
        "maze": "the_ville",
        "x": 107,
        "y": 62
    },
    "Jane Moreno": {
        "maze": "the_ville",
        "x": 72,
        "y": 74
    },
    "Isabella Rodriguez": {
        "maze": "the_ville",
        "x": 72,
        "y": 14
    },
    "Latoya Williams": {
        "maze": "the_ville",
        "x": 16,
        "y": 18
    },
    "Arthur Burton": {
        "maze": "the_ville",
        "x": 53,
        "y": 14
    },
    "Ryan Park": {
        "maze": "the_ville",
        "x": 65,
        "y": 19
    },
    "Hailey Johnson": {
        "maze": "the_ville",
        "x": 26,
        "y": 32
    },
    "Sam Moore": {
        "maze": "the_ville",
        "x": 36,
        "y": 65
    },
    "Klaus Mueller": {
        "maze": "the_ville",
        "x": 126,
        "y": 46
    },
    "Ayesha Khan": {
        "maze": "the_ville",
        "x": 118,
        "y": 61
    }
}