{
    "fork_sim_code": "clipped_the_ville_n25",
    "start_date": "February 13, 2023",
    "curr_time": "February 13, 2023, 00:00:00",
    "sec_per_step": 60,
    "maze_name": "the_ville",
    "persona_names": [
        "Maria Lopez",
        "Isabella Rodriguez",
        "Carlos Gomez",
        "Wolfgang Schulz",
        "Adam Smith",
        "Sam Moore",
        "Carmen Ortiz",
        "Tom Moreno",
        "Arthur Burton",
        "Yuriko Yamamoto",
        "Mei Lin",
        "Abigail Chen"
    ],
    "step": 0
}