{
    "Jennifer Moore": {
        "maze": "the_ville",
        "x": 37,
        "y": 65
    },
    "John Lin": {
        "maze": "the_ville",
        "x": 91,
        "y": 74
    },
    "Ryan Park": {
        "maze": "the_ville",
        "x": 65,
        "y": 19
    },
    "Giorgio Rossi": {
        "maze": "the_ville",
        "x": 86,
        "y": 18
    },
    "Mei Lin": {
        "maze": "the_ville",
        "x": 90,
        "y": 74
    },
    "Ayesha Khan": {
        "maze": "the_ville",
        "x": 118,
        "y": 61
    },
    "Yuriko Yamamoto": {
        "maze": "the_ville",
        "x": 28,
        "y": 65
    },
    "Tom Moreno": {
        "maze": "the_ville",
        "x": 73,
        "y": 74
    },
    "Eddy Lin": {
        "maze": "the_ville",
        "x": 93,
        "y": 74
    },
    "Hailey Johnson": {
        "maze": "the_ville",
        "x": 26,
        "y": 32
    },
    "Jane Moreno": {
        "maze": "the_ville",
        "x": 72,
        "y": 74
    },
    "Klaus Mueller": {
        "maze": "the_ville",
        "x": 126,
        "y": 46
    }
}