{
    "fork_sim_code": "clipped_the_ville_n25",
    "start_date": "February 13, 2023",
    "curr_time": "February 13, 2023, 00:00:00",
    "sec_per_step": 60,
    "maze_name": "the_ville",
    "persona_names": [
        "Rajiv Patel",
        "Carmen Ortiz",
        "Carlos Gomez",
        "Mei Lin",
        "Arthur Burton",
        "Isabella Rodriguez",
        "Yuriko Yamamoto",
        "Abigail Chen",
        "Adam Smith",
        "Tamara Taylor",
        "Jennifer Moore",
        "Klaus Mueller",
        "Latoya Williams"
    ],
    "step": 0
}