{
    "fork_sim_code": "clipped_the_ville_n25",
    "start_date": "February 13, 2023",
    "curr_time": "February 13, 2023, 00:00:00",
    "sec_per_step": 60,
    "maze_name": "the_ville",
    "persona_names": [
        "Abigail Chen",
        "John Lin",
        "Isabella Rodriguez",
        "Adam Smith",
        "Ayesha Khan",
        "Maria Lopez",
        "Yuriko Yamamoto",
        "Wolfgang Schulz",
        "Klaus Mueller",
        "Sam Moore",
        "Tamara Taylor"
    ],
    "step": 0
}